{
    "colors": {
        "font_col": [
            0,
            0,
            0
        ],
        "textView_col": [
            255,
            255,
            255
        ],
        "bcg_col": [
            0,
            25,
            0
        ]
    },
    "postTestNotes": [
        "stalk",
        "dry",
        "SORGRUM65",
        "WEDFFE"
    ],
    "noteBank": [
        "harvest d-2",
        "RTGFR",
        "good graphs",
        "high humidity",
        "rainy",
        "RT",
        "ERF"
    ],
    "dataConfirmFreq": 200,
    "preTestNotes": [
        "SEEDB3",
        "ERBTEST",
        "unreliable",
        "no break",
        "root"
    ],
    "testFolder": "SAMPLE",
    "version": "1.0.6",
    "testPlot": 35057,
    "operator": "N/A",
    "maxStartAngle": 5,
    "false": "postTestNotes",
    "sensors": {
        "HUM": "hum1",
        "POT": "pot1",
        "LOAD_Y": "loady1",
        "IMU": "imu1",
        "LOAD_X": "loadx1",
        "TEMP": "temp1"
    },
    "sensorBank": {
        "HUM": {
            "hum1": {
                "a": 1.0,
                "last": "2017-05-20,10:43",
                "unit": "%",
                "b": 0.0
            }
        },
        "POT": {
            "pot1": {
                "a": 5400.0,
                "last": "2017-05-20,10:43",
                "unit": "Deg",
                "b": 0.0
            }
        },
        "LOAD_Y": {
            "loady1": {
                "a": 0.003992844822078836,
                "last": "2017_7_11_13:36:23",
                "unit": "N",
                "b": -7.717966736940737
            }
        },
        "IMU": {
            "imu1": {
                "a": 1.0,
                "last": "2017-05-20,10:43",
                "unit": "Deg",
                "b": 0.0
            }
        },
        "LOAD_X": {
            "loadx1": {
                "a": -120.0,
                "last": "2017_7_9_11:39:30",
                "unit": "N",
                "b": 0.0
            }
        },
        "TEMP": {
            "temp1": {
                "a": 1.0,
                "last": "2017-05-20,10:43",
                "unit": "C",
                "b": 0.0
            }
        }
    },
    "testHeight": 46
}